,,,,,,,Member,,,,,,,
,,,,,,,Aaron Branson,,,,,,,
,,,,,,,Aaron Hathcock,,,,,,,
,,,,,,,Aaron Posey,,,,,,,
,,,,,,,Abe Becker,,,,,,,
,,,,,,,Adam Callaway,,,,,,,
,,,,,,,Adam Guthrie,,,,,,,
,,,,,,,Adam Huett,,,,,,,
,,,,,,,Adam Measel,,,,,,,
,,,,,,,Adam Purvis,,,,,,,
,,,,,,,Adam Ragsdale,,,,,,,
,,,,,,,Adam Watkins,,,,,,,
,,,,,,,AJ Beavers,,,,,,,
,,,,,,,AJ Maestro,,,,,,,
,,,,,,,Al Gamble,,,,,,,
,,,,,,,Alan Cone,,,,,,,
,,,,,,,Alan James,,,,,,,
,,,,,,,Alex Costas,,,,,,,
,,,,,,,Alex Hinson,,,,,,,
,,,,,,,Alex Mason,,,,,,,
,,,,,,,Alex Peete,,,,,,,
,,,,,,,Alexa Burroughs,,,,,,,
,,,,,,,Allan Nettles,,,,,,,
,,,,,,,Allen Barlow,,,,,,,
,,,,,,,Allen Branstetter,,,,,,,
,,,,,,,Allen Eaton,,,,,,,
,,,,,,,Allen Park,,,,,,,
,,,,,,,Allen Stone,,,,,,,
,,,,,,,Alyssa Hicks,,,,,,,
,,,,,,,Amanda Johnston,,,,,,,
,,,,,,,Amanda Miller,,,,,,,
,,,,,,,Amber Locke,,,,,,,
,,,,,,,Andrea Dillingham,,,,,,,
,,,,,,,Andrea Dilllingham,,,,,,,
,,,,,,,Andrea Mechalske,,,,,,,
,,,,,,,Andrew Balough,,,,,,,
,,,,,,,Andrew Brasfield,,,,,,,
,,,,,,,Andrew Hargrave,,,,,,,
,,,,,,,Andrew Kaplan,,,,,,,
,,,,,,,Andrew Lee,,,,,,,
,,,,,,,Andrew Malinoski,,,,,,,
,,,,,,,Andrew Paullus,,,,,,,
,,,,,,,Andrew Young,,,,,,,
,,,,,,,Andy Harris,,,,,,,
,,,,,,,Andy Knight,,,,,,,
,,,,,,,Andy Sizemore,,,,,,,
,,,,,,,Andy Spain,,,,,,,
,,,,,,,Anna Walls,,,,,,,
,,,,,,,Anne Bailey,,,,,,,
,,,,,,,Anne Bell-Alford,,,,,,,
,,,,,,,Anne Donaldson,,,,,,,
,,,,,,,Annie McClendon,,,,,,,
,,,,,,,Anthony  Turk,,,,,,,
,,,,,,,Anthony Gallagher,,,,,,,
,,,,,,,Aron Schroder,,,,,,,
,,,,,,,Arthur Kaplan,,,,,,,
,,,,,,,Artie Hanes,,,,,,,
,,,,,,,Ashley Roberts,,,,,,,
,,,,,,,Ashley Spurling,,,,,,,
,,,,,,,Austin Jones,,,,,,,
,,,,,,,Austin Motlow,,,,,,,
,,,,,,,Austin Riddle,,,,,,,
,,,,,,,Austin Wesson,,,,,,,
,,,,,,,Avi Friedlander,,,,,,,
,,,,,,,Axel Barron,,,,,,,
,,,,,,,Barron,,,,,,,
,,,,,,,Barry Thomas,,,,,,,
,,,,,,,Barry Wasserman,,,,,,,
,,,,,,,Bart Styes,,,,,,,
,,,,,,,Ben Burford,,,,,,,
,,,,,,,Ben Griner,,,,,,,
,,,,,,,Ben Guthrie,,,,,,,
,,,,,,,Ben Nelson,,,,,,,
,,,,,,,Ben Smith,,,,,,,
,,,,,,,Ben Trexel,,,,,,,
,,,,,,,Benita Parsons,,,,,,,
,,,,,,,Benjamin Giles,,,,,,,
,,,,,,,Benjamin Stevens,,,,,,,
,,,,,,,Bent McCollough,,,,,,,
,,,,,,,Beth Ragland Stewart,,,,,,,
,,,,,,,Bill Irvin,,,,,,,
,,,,,,,Bill Ledbetter,,,,,,,
,,,,,,,Billy Lawley,,,,,,,
,,,,,,,Billy Long,,,,,,,
,,,,,,,Billy Luttrell,,,,,,,
,,,,,,,Billy Murphree,,,,,,,
,,,,,,,Billy Rigdon,,,,,,,
,,,,,,,Billy Wilkes,,,,,,,
,,,,,,,Blake Ellis,,,,,,,
,,,,,,,Blaythe Steuer,,,,,,,
,,,,,,,Bob Harrison,,,,,,,
,,,,,,,Bob Marston,,,,,,,
,,,,,,,Bob Norman,,,,,,,
,,,,,,,"Bobby ""Hurricane"" Harrison",,,,,,,
,,,,,,,Brad Baker,,,,,,,
,,,,,,,Brad Hardin,,,,,,,
,,,,,,,Brad Kuehner,,,,,,,
,,,,,,,Brad Lyons,,,,,,,
,,,,,,,Brad Reed,,,,,,,
,,,,,,,Brad Wolfe,,,,,,,
,,,,,,,Bradford Sims,,,,,,,
,,,,,,,Brandon DeBalsi,,,,,,,
,,,,,,,Brandon Hackett,,,,,,,
,,,,,,,Brandon Lett,,,,,,,
,,,,,,,Brandon Morris,,,,,,,
,,,,,,,Brandon Porter,,,,,,,
,,,,,,,Brant Benefield,,,,,,,
,,,,,,,Breely Flower,,,,,,,
,,,,,,,Brent Cantrell,,,,,,,
,,,,,,,Brent Irvin,,,,,,,
,,,,,,,Brent McCollough,,,,,,,
,,,,,,,Brent Warren,,,,,,,
,,,,,,,Brett Huffman,,,,,,,
,,,,,,,Brett Mitchell,,,,,,,
,,,,,,,Brian C. Moon,,,,,,,
,,,,,,,Brian Culverhouse,,,,,,,
,,,,,,,Brian Handley (Elmo),,,,,,,
,,,,,,,Brian Haynes,,,,,,,
,,,,,,,Brian Hippensteel,,,,,,,
,,,,,,,Brian Jones,,,,,,,
,,,,,,,Brian Smith,,,,,,,
,,,,,,,Brian Sunderman,,,,,,,
,,,,,,,Brian Westbrook,,,,,,,
,,,,,,,Brian Wolfe,,,,,,,
,,,,,,,Britt Hendrix,,,,,,,
,,,,,,,Browan Lollar,,,,,,,
,,,,,,,Bruce Andrews,,,,,,,
,,,,,,,Bruce Spiller,,,,,,,
,,,,,,,Bryan Arant,,,,,,,
,,,,,,,Bryan Capps,,,,,,,
,,,,,,,Bryan Gibson,,,,,,,
,,,,,,,Bryan Moon,,,,,,,
,,,,,,,Bryan Price,,,,,,,
,,,,,,,Bryan Robinson,,,,,,,
,,,,,,,Buck Johnson,,,,,,,
,,,,,,,Buddy Hassler,,,,,,,
,,,,,,,Buddy Stith,,,,,,,
,,,,,,,Byron Sonnier,,,,,,,
,,,,,,,Cameron Price,,,,,,,
,,,,,,,Carey Jacks,,,,,,,
,,,,,,,Carlos Pino,,,,,,,
,,,,,,,Carly Black,,,,,,,
,,,,,,,Carmen Michael Childers,,,,,,,
,,,,,,,Carol Downey,,,,,,,
,,,,,,,Carter Laney,,,,,,,
,,,,,,,Carter Wilson,,,,,,,
,,,,,,,Cary Britnell,,,,,,,
,,,,,,,Casey Causey,,,,,,,
,,,,,,,Casey Frost,,,,,,,
,,,,,,,Casey Hargett,,,,,,,
,,,,,,,Casey Hitt,,,,,,,
,,,,,,,Casey Patton,,,,,,,
,,,,,,,Casey Wilson,,,,,,,
,,,,,,,Cebrina Paul,,,,,,,
,,,,,,,Chad Baker,,,,,,,
,,,,,,,Chad Fisher,,,,,,,
,,,,,,,Chance Bridges,,,,,,,
,,,,,,,Chance Shirley,,,,,,,
,,,,,,,Chancellor Crawford,,,,,,,
,,,,,,,Chandler Parker,,,,,,,
,,,,,,,Charles Green,,,,,,,
,,,,,,,Charles Robinson,,,,,,,
,,,,,,,Charles Vinson,,,,,,,
,,,,,,,Charlie Barrett,,,,,,,
,,,,,,,Charlie Brown Sanders III,,,,,,,
,,,,,,,Charlie Hunter,,,,,,,
,,,,,,,Charlotte Guffin,,,,,,,
,,,,,,,Cheyloe Martin,,,,,,,
,,,,,,,Chip Dews,,,,,,,
,,,,,,,Chris Allison,,,,,,,
,,,,,,,Chris Blackwelder,,,,,,,
,,,,,,,Chris Brown,,,,,,,
,,,,,,,Chris Byars,,,,,,,
,,,,,,,Chris Casey,,,,,,,
,,,,,,,Chris Daughterty,,,,,,,
,,,,,,,Chris Dow,,,,,,,
,,,,,,,Chris Estes,,,,,,,
,,,,,,,Chris Franks,,,,,,,
,,,,,,,Chris Gordon,,,,,,,
,,,,,,,Chris Hemphill,,,,,,,
,,,,,,,Chris Jeely,,,,,,,
,,,,,,,Chris Kozak,,,,,,,
,,,,,,,Chris Locarno,,,,,,,
,,,,,,,Chris Miller,,,,,,,
,,,,,,,Chris Olsen,,,,,,,
,,,,,,,Chris Pottraz,,,,,,,
,,,,,,,Chris Rothe,,,,,,,
,,,,,,,Chris Srygley,,,,,,,
,,,,,,,Chris Yarbrough,,,,,,,
,,,,,,,Christian Herring,,,,,,,
,,,,,,,Christina Linard,,,,,,,
,,,,,,,Christopher Anderson,,,,,,,
,,,,,,,Christopher Vawter Stewart,,,,,,,
,,,,,,,Chuck King,,,,,,,
,,,,,,,Chucky,,,,,,,
,,,,,,,Cindy Blackburn,,,,,,,
,,,,,,,Cindy Camp,,,,,,,
,,,,,,,CJ Griffith,,,,,,,
,,,,,,,Clay Alligood,,,,,,,
,,,,,,,Clay Jones,,,,,,,
,,,,,,,Cleo Cleo,,,,,,,
,,,,,,,Cleveland Eaton,,,,,,,
,,,,,,,Clif Payne,,,,,,,
,,,,,,,Clint Chalkley,,,,,,,
,,,,,,,Cody Eldred,,,,,,,
,,,,,,,Cody Marsh,,,,,,,
,,,,,,,Cody Webb,,,,,,,
,,,,,,,Coleman Woodson III,,,,,,,
,,,,,,,Colin Soniat,,,,,,,
,,,,,,,Collin Zuckerman,,,,,,,
,,,,,,,Conner Stein,,,,,,,
,,,,,,,Corey Medders,,,,,,,
,,,,,,,Cory Anchors,,,,,,,
,,,,,,,Craig Edwards,,,,,,,
,,,,,,,Craig McRee,,,,,,,
,,,,,,,Crystal Gibb,,,,,,,
,,,,,,,Curdawg Dewade Clark,,,,,,,
,,,,,,,Curt Granger,,,,,,,
,,,,,,,D. Charles Robinson,,,,,,,
,,,,,,,Daina Mason,,,,,,,
,,,,,,,Dan Cunningham,,,,,,,
,,,,,,,Dan Hargett,,,,,,,
,,,,,,,Dan Hocter,,,,,,,
,,,,,,,Dan Rhodes,,,,,,,
,,,,,,,Dan Shook,,,,,,,
,,,,,,,Dan Tidwell,,,,,,,
,,,,,,,Daniel Coffey,,,,,,,
,,,,,,,Daniel Day Mcsweeney,,,,,,,
,,,,,,,Daniel Hargett,,,,,,,
,,,,,,,Daniel Ingram,,,,,,,
,,,,,,,Daniel Kelly,,,,,,,
,,,,,,,Daniel Long,,,,,,,
,,,,,,,Daniel McCabe,,,,,,,
,,,,,,,Daniel Raine,,,,,,,
,,,,,,,Daniel Teer,,,,,,,
,,,,,,,Daniel Western,,,,,,,
,,,,,,,Danielle Hardaman,,,,,,,
,,,,,,,Danny Fravel,,,,,,,
,,,,,,,Danny Morris,,,,,,,
,,,,,,,Daryl Allen,,,,,,,
,,,,,,,Daryl Hardy,,,,,,,
,,,,,,,Dave Bark,,,,,,,
,,,,,,,Dave Conwell,,,,,,,
,,,,,,,Dave Crenshaw,,,,,,,
,,,,,,,Dave Evans,,,,,,,
,,,,,,,Dave Gowens,,,,,,,
,,,,,,,Davey Williams,,,,,,,
,,,,,,,"David ""Hutch"" Hutchins",,,,,,,
,,,,,,,David Burks,,,,,,,
,,,,,,,David Chapman,,,,,,,
,,,,,,,David Cowan,,,,,,,
,,,,,,,David Hildebrand,,,,,,,
,,,,,,,David Hill,,,,,,,
,,,,,,,David Hornbuckle,,,,,,,
,,,,,,,David Hulsey,,,,,,,
,,,,,,,David Keith,,,,,,,
,,,,,,,David Koonce,,,,,,,
,,,,,,,David Lee,,,,,,,
,,,,,,,David Smith,,,,,,,
,,,,,,,Davis Little,,,,,,,
,,,,,,,Deb Peeples,,,,,,,
,,,,,,,Debbie Medenica,,,,,,,
,,,,,,,Demondrae Thurman,,,,,,,
,,,,,,,Deon Wills,,,,,,,
,,,,,,,Derek Bowles,,,,,,,
,,,,,,,Derek Nolin,,,,,,,
,,,,,,,DeVonte Hutchins,,,,,,,
,,,,,,,Diana Mayhall,,,,,,,
,,,,,,,Dillon Ellis,,,,,,,
,,,,,,,Dirty D'jon,,,,,,,
,,,,,,,DJ MANISH,,,,,,,
,,,,,,,Doctor Pepper,,,,,,,
,,,,,,,Don Hecklinski,,,,,,,
,,,,,,,Don Tinsley,,,,,,,
,,,,,,,Donavon Dixon,,,,,,,
,,,,,,,Donnie Garvich,,,,,,,
,,,,,,,Donny Stults,,,,,,,
,,,,,,,Dooley,,,,,,,
,,,,,,,Doug Barnwell,,,,,,,
,,,,,,,Doug Davis,,,,,,,
,,,,,,,Doug Hall,,,,,,,
,,,,,,,Doug Lee,,,,,,,
,,,,,,,Dr Freakinstein,,,,,,,
,,,,,,,Drew Duvall,,,,,,,
,,,,,,,Drew Kuehner,,,,,,,
,,,,,,,Drew Lankford,,,,,,,
,,,,,,,Drew Lasater,,,,,,,
,,,,,,,Dwight Houston,,,,,,,
,,,,,,,Dylan James,,,,,,,
,,,,,,,Dylan Johnson,,,,,,,
,,,,,,,Dylan Neal,,,,,,,
,,,,,,,Ed Reynolds,,,,,,,
,,,,,,,Eddie Gray,,,,,,,
,,,,,,,Edwin Cleverden,,,,,,,
,,,,,,,Edwin Cleverdon,,,,,,,
,,,,,,,Emery Kidd,,,,,,,
,,,,,,,Erath Old,,,,,,,
,,,,,,,Eric Barr,,,,,,,
,,,,,,,Eric Burke,,,,,,,
,,,,,,,Eric Crowe,,,,,,,
,,,,,,,Eric Essix,,,,,,,
,,,,,,,Eric Hilgendorf,,,,,,,
,,,,,,,Eric Long,,,,,,,
,,,,,,,Eric Mason,,,,,,,
,,,,,,,Eric McGinty,,,,,,,
,,,,,,,Eric Onimus,,,,,,,
,,,,,,,Eric Simmons,,,,,,,
,,,,,,,Eric Stein,,,,,,,
,,,,,,,Eric Watters,,,,,,,
,,,,,,,Erich Cousins,,,,,,,
,,,,,,,Erik Latham,,,,,,,
,,,,,,,Erin Black,,,,,,,
,,,,,,,Etzar Cisneros,,,,,,,
,,,,,,,Eugene Bates,,,,,,,
,,,,,,,Evan Haarbauer,,,,,,,
,,,,,,,Faith Harper,,,,,,,
,,,,,,,Finney James,,,,,,,
,,,,,,,Ford Boswell,,,,,,,
,,,,,,,Forrest Moody,,,,,,,
,,,,,,,Frank A Ranelli,,,,,,,
,,,,,,,Frank Crockard,,,,,,,
,,,,,,,Frank Walker,,,,,,,
,,,,,,,Fred Comeau,,,,,,,
,,,,,,,Fred Panning,,,,,,,
,,,,,,,G.I. Magus,,,,,,,
,,,,,,,Garrett Neill,,,,,,,
,,,,,,,Garrett Zollar,,,,,,,
,,,,,,,Gary Brown,,,,,,,
,,,,,,,Gary Cramer,,,,,,,
,,,,,,,Gary Edmonds,,,,,,,
,,,,,,,Gary Justiss,,,,,,,
,,,,,,,Gary McKinney,,,,,,,
,,,,,,,Gary Neighbors,,,,,,,
,,,,,,,Gary Wheat,,,,,,,
,,,,,,,Gary Whsat,,,,,,,
,,,,,,,Geoff Calhoun,,,,,,,
,,,,,,,George Dudley,,,,,,,
,,,,,,,George Griffin,,,,,,,
,,,,,,,George Scherer,,,,,,,
,,,,,,,Gigi Scott,,,,,,,
,,,,,,,Glenn Freeman,,,,,,,
,,,,,,,Godfrey Grannum,,,,,,,
,,,,,,,Greg Brown,,,,,,,
,,,,,,,Greg Clemmons,,,,,,,
,,,,,,,Greg Gentry,,,,,,,
,,,,,,,Greg Henderson,,,,,,,
,,,,,,,Greg Lusco,,,,,,,
,,,,,,,Greg Neal,,,,,,,
,,,,,,,Griffin Zarbough,,,,,,,
,,,,,,,Gunner Cargile,,,,,,,
,,,,,,,Gunner Carglie,,,,,,,
,,,,,,,Gustaf Robertson,,,,,,,
,,,,,,,Hank Briley,,,,,,,
,,,,,,,Hank Jones,,,,,,,
,,,,,,,Hannah Barrett,,,,,,,
,,,,,,,Hannah Rettig,,,,,,,
,,,,,,,Hardie McGehee,,,,,,,
,,,,,,,Harold Sudderth,,,,,,,
,,,,,,,Haze Hopper,,,,,,,
,,,,,,,Heath Vining,,,,,,,
,,,,,,,Henry Lovoy,,,,,,,
,,,,,,,Ian Hoppe,,,,,,,
,,,,,,,Ian Lee,,,,,,,
,,,,,,,Ian Thomas Mcintosh,,,,,,,
,,,,,,,Isaac Mixon,,,,,,,
,,,,,,,Isaiah Smith- Bass Guitar,,,,,,,
,,,,,,,J Willoughby,,,,,,,
,,,,,,,J. Willoughby,,,,,,,
,,,,,,,J.A.,,,,,,,
,,,,,,,Jack Braxton,,,,,,,
,,,,,,,Jack Dudley,,,,,,,
,,,,,,,Jack Dudlley,,,,,,,
,,,,,,,Jack Kish,,,,,,,
,,,,,,,Jackie Roche,,,,,,,
,,,,,,,Jackie Young,,,,,,,
,,,,,,,Jacob Burton,,,,,,,
,,,,,,,Jacob Edwards,,,,,,,
,,,,,,,Jacob Franklin,,,,,,,
,,,,,,,Jacob Graves,,,,,,,
,,,,,,,Jacob Mathews,,,,,,,
,,,,,,,Jacob Matthews,,,,,,,
,,,,,,,Jacob Middlebrooks,,,,,,,
,,,,,,,Jacob Thompson,,,,,,,
,,,,,,,Jacquie Cotillard,,,,,,,
,,,,,,,Jaime Wren,,,,,,,
,,,,,,,"Jake ""Fighting Cock"" Gable",,,,,,,
,,,,,,,Jake Beaty,,,,,,,
,,,,,,,Jake Brisendine,,,,,,,
,,,,,,,Jake Gable,,,,,,,
,,,,,,,Jake Hethcox,,,,,,,
,,,,,,,Jake Middlebrooks,,,,,,,
,,,,,,,Jake Wittig,,,,,,,
,,,,,,,"James ""PJ"" Spraggins",,,,,,,
,,,,,,,James Akers,,,,,,,
,,,,,,,James Clark,,,,,,,
,,,,,,,James Crane,,,,,,,
,,,,,,,James Hodges,,,,,,,
,,,,,,,James Kernan,,,,,,,
,,,,,,,James Mullis,,,,,,,
,,,,,,,James P. Fahy,,,,,,,
,,,,,,,James Royster,,,,,,,
,,,,,,,James Strader,,,,,,,
,,,,,,,James Tunnell,,,,,,,
,,,,,,,James Vance,,,,,,,
,,,,,,,James Wahl,,,,,,,
,,,,,,,Jamie Glass,,,,,,,
,,,,,,,Jamison Taylor,,,,,,,
,,,,,,,"Janessa ""Lil Sis"" Bryan",,,,,,,
,,,,,,,Janessa Bryan,,,,,,,
,,,,,,,Janet Ort,,,,,,,
,,,,,,,Janet Simpson,,,,,,,
,,,,,,,Jared Hill,,,,,,,
,,,,,,,Jarred McCaffery,,,,,,,
,,,,,,,Jarred Melton,,,,,,,
,,,,,,,Jarrod Cunningham,,,,,,,
,,,,,,,Jason Bailey,,,,,,,
,,,,,,,Jason Bradley,,,,,,,
,,,,,,,Jason Dixon,,,,,,,
,,,,,,,Jason Fondren,,,,,,,
,,,,,,,Jason Kuykendall,,,,,,,
,,,,,,,Jason Mann,,,,,,,
,,,,,,,Jason Mayo,,,,,,,
,,,,,,,Jason Odom,,,,,,,
,,,,,,,Jason Upchurch,,,,,,,
,,,,,,,Jason Vickers,,,,,,,
,,,,,,,Jason Vieira,,,,,,,
,,,,,,,Jason Walker,,,,,,,
,,,,,,,Jay Garrett,,,,,,,
,,,,,,,JD West,,,,,,,
,,,,,,,Jeana Cobb,,,,,,,
,,,,,,,Jeered Atkins,,,,,,,
,,,,,,,Jeff,,,,,,,
,,,,,,,Jeff Cummings,,,,,,,
,,,,,,,Jeff Disko,,,,,,,
,,,,,,,Jeff Grodi,,,,,,,
,,,,,,,Jeff Huett,,,,,,,
,,,,,,,Jeff Johnson,,,,,,,
,,,,,,,Jeff McLeod,,,,,,,
,,,,,,,Jeff Waites,,,,,,,
,,,,,,,Jeff Zimmermann,,,,,,,
,,,,,,,Jeffery Neill,,,,,,,
,,,,,,,Jeremy Bates,,,,,,,
,,,,,,,Jeremy Burns,,,,,,,
,,,,,,,Jeremy Cain,,,,,,,
,,,,,,,Jeremy Livingston,,,,,,,
,,,,,,,Jeremy Milam,,,,,,,
,,,,,,,Jeremy Tidmore,,,,,,,
,,,,,,,Jerome Walls,,,,,,,
,,,,,,,Jerrod Atkins,,,,,,,
,,,,,,,Jerry Davis,,,,,,,
,,,,,,,Jesse Armstrong,,,,,,,
,,,,,,,Jesse Payne,,,,,,,
,,,,,,,Jesse Phillips,,,,,,,
,,,,,,,Jesse Suttle,,,,,,,
,,,,,,,Jessica Meuse,,,,,,,
,,,,,,,Jesslyn Parmley,,,,,,,
,,,,,,,Jill Deaver,,,,,,,
,,,,,,,Jim Lowe,,,,,,,
,,,,,,,Jim Moeller,,,,,,,
,,,,,,,Jimi Hawkins,,,,,,,
,,,,,,,Jimmie Finney,,,,,,,
,,,,,,,Jimmy Finney,,,,,,,
,,,,,,,JJ Musso,,,,,,,
,,,,,,,JoAnna Laney,,,,,,,
,,,,,,,Joe D'Alessandro,,,,,,,
,,,,,,,Joe Ellis,,,,,,,
,,,,,,,Joe Ledbetter,,,,,,,
,,,,,,,Joe Ray,,,,,,,
,,,,,,,Joel Kauffman,,,,,,,
,,,,,,,Joel Nelson,,,,,,,
,,,,,,,Joey Howard,,,,,,,
,,,,,,,Joey Raynaud,,,,,,,
,,,,,,,John,,,,,,,
,,,,,,,John Armstrong,,,,,,,
,,,,,,,John Bella,,,,,,,
,,,,,,,John Burke,,,,,,,
,,,,,,,John Drums,,,,,,,
,,,,,,,John Engle,,,,,,,
,,,,,,,John English,,,,,,,
,,,,,,,John Kulinich,,,,,,,
,,,,,,,John Laing,,,,,,,
,,,,,,,John Morris,,,,,,,
,,,,,,,John Nicholson,,,,,,,
,,,,,,,John Nuckols,,,,,,,
,,,,,,,John Paul Foster,,,,,,,
,,,,,,,John Schneible,,,,,,,
,,,,,,,John Taylor,,,,,,,
,,,,,,,John Tyler Smith,,,,,,,
,,,,,,,Johnny Kullinich,,,,,,,
,,,,,,,JoJo Markel,,,,,,,
,,,,,,,Jon Kelly,,,,,,,
,,,,,,,Jon Meeks,,,,,,,
,,,,,,,Jon Noffsinger,,,,,,,
,,,,,,,Jonathan Breland,,,,,,,
,,,,,,,Jonathan Key,,,,,,,
,,,,,,,Jonathan Lucas,,,,,,,
,,,,,,,Jonathan Mayhall,,,,,,,
,,,,,,,Jonathan Purvis,,,,,,,
,,,,,,,Jonathan Sansom,,,,,,,
,,,,,,,JonDavid Franklin,,,,,,,
,,,,,,,Jordan Foster,,,,,,,
,,,,,,,Jordan Hansen,,,,,,,
,,,,,,,Jordan McElroy,,,,,,,
,,,,,,,Jordan Miller,,,,,,,
,,,,,,,Jordan Teague,,,,,,,
,,,,,,,Joseph Foster,,,,,,,
,,,,,,,Joseph Higgins,,,,,,,
,,,,,,,Joseph Stallworth,,,,,,,
,,,,,,,Josh Beam,,,,,,,
,,,,,,,Josh Butler,,,,,,,
,,,,,,,Josh Constantine,,,,,,,
,,,,,,,Josh Hardin,,,,,,,
,,,,,,,Josh Hicks,,,,,,,
,,,,,,,Josh Isley,,,,,,,
,,,,,,,Josh Jarvis,,,,,,,
,,,,,,,Josh Jones,,,,,,,
,,,,,,,Josh Jordan,,,,,,,
,,,,,,,Josh Moehr,,,,,,,
,,,,,,,Josh Patrick,,,,,,,
,,,,,,,Josh Trimble,,,,,,,
,,,,,,,Josh Wiseman,,,,,,,
,,,,,,,Joshua Mays,,,,,,,
,,,,,,,Joshua Wiseman,,,,,,,
,,,,,,,JT Sober,,,,,,,
,,,,,,,Judy Ranelli,,,,,,,
,,,,,,,Justin Cross,,,,,,,
,,,,,,,Justin lee,,,,,,,
,,,,,,,Justin Naramore,,,,,,,
,,,,,,,Justin P. Harris,,,,,,,
,,,,,,,Justin Reglins,,,,,,,
,,,,,,,Justin Todd,,,,,,,
,,,,,,,Justin Tyme Harris,,,,,,,
,,,,,,,Justin West,,,,,,,
,,,,,,,Justin William Bean,,,,,,,
,,,,,,,Karen Shadinger,,,,,,,
,,,,,,,Kason Kyzer,,,,,,,
,,,,,,,Keith Eady,,,,,,,
,,,,,,,Keith Eggleston,,,,,,,
,,,,,,,Keith Goodwin,,,,,,,
,,,,,,,Keith O'Neal,,,,,,,
,,,,,,,Keith Weber,,,,,,,
,,,,,,,Kelley Oneal,,,,,,,
,,,,,,,Kelley O'Neal,,,,,,,
,,,,,,,Kelly Sloan,,,,,,,
,,,,,,,Kelsey Kyzer,,,,,,,
,,,,,,,Kelton Clinner,,,,,,,
,,,,,,,Kelvin Wooten,,,,,,,
,,,,,,,Ken Adams,,,,,,,
,,,,,,,Ken Murray,,,,,,,
,,,,,,,Kenn McCracken,,,,,,,
,,,,,,,Kenny Webber,,,,,,,
,,,,,,,Kevin Duthu,,,,,,,
,,,,,,,Kevin Forbus,,,,,,,
,,,,,,,Kevin Higgs,,,,,,,
,,,,,,,Kevin McClure,,,,,,,
,,,,,,,Kevin Nicholson,,,,,,,
,,,,,,,Kevin Russell,,,,,,,
,,,,,,,King Shaka,,,,,,,
,,,,,,,Kirby Russell,,,,,,,
,,,,,,,Kolby Mele,,,,,,,
,,,,,,,Kreg Worthington,,,,,,,
,,,,,,,Kristi Houk,,,,,,,
,,,,,,,Kurtis Stoneking,,,,,,,
,,,,,,,Kyle Butler,,,,,,,
,,,,,,,Kyle Humphrey,,,,,,,
,,,,,,,Kyle Posten,,,,,,,
,,,,,,,Kyle Shelton,,,,,,,
,,,,,,,Kyle Stough,,,,,,,
,,,,,,,Kyle Weems,,,,,,,
,,,,,,,Kyndle London,,,,,,,
,,,,,,,LaDonna Smith,,,,,,,
,,,,,,,Lance Hayes,,,,,,,
,,,,,,,Lance Hays,,,,,,,
,,,,,,,Lane McGiboney,,,,,,,
,,,,,,,Lane Sewell,,,,,,,
,,,,,,,Lane Smith,,,,,,,
,,,,,,,Larry Bradford,,,,,,,
,,,,,,,Larry Gambrill,,,,,,,
,,,,,,,Lars Espensen,,,,,,,
,,,,,,,Lauren Jones,,,,,,,
,,,,,,,lauren krothe,,,,,,,
,,,,,,,Lauren-Michael Sellers,,,,,,,
,,,,,,,Lawton Higgs Jr.,,,,,,,
,,,,,,,Leah Hamby,,,,,,,
,,,,,,,LeAlan Carter,,,,,,,
,,,,,,,Lee Hurley,,,,,,,
,,,,,,,Lee Kader,,,,,,,
,,,,,,,Lee Sproull,,,,,,,
,,,,,,,Leif Bondarenko,,,,,,,
,,,,,,,Les Fillmer,,,,,,,
,,,,,,,Lesland Clinner,,,,,,,
,,,,,,,Lisa Casey,,,,,,,
,,,,,,,London Pendergrass,,,,,,,
,,,,,,,Luke Freeman,,,,,,,
,,,,,,,Luke Sides,,,,,,,
,,,,,,,Mac Kramer,,,,,,,
,,,,,,,Macey Taylor,,,,,,,
,,,,,,,Mandi Rae,,,,,,,
,,,,,,,Marc Blumenthal,,,,,,,
,,,,,,,Marc Davis,,,,,,,
,,,,,,,Marcus London,,,,,,,
,,,,,,,Marcus Mathews,,,,,,,
,,,,,,,Marcus O'Neill,,,,,,,
,,,,,,,Mario Butler,,,,,,,
,,,,,,,Mark Beasley,,,,,,,
,,,,,,,Mark Hermecz,,,,,,,
,,,,,,,Mark Lanter,,,,,,,
,,,,,,,Mark Smith,,,,,,,
,,,,,,,Mark T Mizzell,,,,,,,
,,,,,,,Mark Waggoner,,,,,,,
,,,,,,,Mart Avant,,,,,,,
,,,,,,,Martin Castor,,,,,,,
,,,,,,,Mary Anne Stone,,,,,,,
,,,,,,,Mary Arvin,,,,,,,
,,,,,,,Mary Cornell,,,,,,,
,,,,,,,Mary Glenn Christopher,,,,,,,
,,,,,,,Mason Boyd,,,,,,,
,,,,,,,Mason McFarland,,,,,,,
,,,,,,,Mathew Monk,,,,,,,
,,,,,,,Mathew Wadsworth,,,,,,,
,,,,,,,Matt Alexander,,,,,,,
,,,,,,,Matt Brennan,,,,,,,
,,,,,,,Matt Bright,,,,,,,
,,,,,,,Matt Carroll,,,,,,,
,,,,,,,Matt Casey,,,,,,,
,,,,,,,Matt Childers,,,,,,,
,,,,,,,Matt Franks,,,,,,,
,,,,,,,Matt Marks,,,,,,,
,,,,,,,Matt Morris,,,,,,,
,,,,,,,Matt Parish,,,,,,,
,,,,,,,Matt Perkins,,,,,,,
,,,,,,,Matt Pike,,,,,,,
,,,,,,,Matt Seward,,,,,,,
,,,,,,,Matt Slocum,,,,,,,
,,,,,,,Matt Smith,,,,,,,
,,,,,,,Matt Suddarth,,,,,,,
,,,,,,,Matt Tubbs,,,,,,,
,,,,,,,Matt Whitson,,,,,,,
,,,,,,,Matt Wiley,,,,,,,
,,,,,,,Matt Willis,,,,,,,
,,,,,,,Matthew Lee Hancock,,,,,,,
,,,,,,,Matthew Tortorice,,,,,,,
,,,,,,,Max Andrews,,,,,,,
,,,,,,,Max Greene,,,,,,,
,,,,,,,Max Meneker,,,,,,,
,,,,,,,Max Rains,,,,,,,
,,,,,,,Meghan Elliott,,,,,,,
,,,,,,,Melanie Rodgers,,,,,,,
,,,,,,,Melissa Hipp,,,,,,,
,,,,,,,Melissa Hunt,,,,,,,
,,,,,,,Melody Musick,,,,,,,
,,,,,,,Micah Fillingame,,,,,,,
,,,,,,,"Michael ""Mac"" McAvoy",,,,,,,
,,,,,,,Michael Cannon,,,,,,,
,,,,,,,Michael Collier,,,,,,,
,,,,,,,Michael D. Callahan,,,,,,,
,,,,,,,Michael Frog Ray,,,,,,,
,,,,,,,Michael Glaser,,,,,,,
,,,,,,,Michael Hill,,,,,,,
,,,,,,,Michael Jowell,,,,,,,
,,,,,,,Michael Laton,,,,,,,
,,,,,,,Michael Lukacovic,,,,,,,
,,,,,,,Michael Mcavoy,,,,,,,
,,,,,,,Michael Messina,,,,,,,
,,,,,,,Michael Moore,,,,,,,
,,,,,,,Michael Ramey,,,,,,,
,,,,,,,Michael Reid,,,,,,,
,,,,,,,Michael Shackleford,,,,,,,
,,,,,,,Michael Weidenbach,,,,,,,
,,,,,,,Micheal Dollar,,,,,,,
,,,,,,,Miguel Martinez,,,,,,,
,,,,,,,Mike Buchanan,,,,,,,
,,,,,,,Mike Eskew,,,,,,,
,,,,,,,Mike Gaut,,,,,,,
,,,,,,,Mike Gillepie,,,,,,,
,,,,,,,Mike Hawkins,,,,,,,
,,,,,,,Mike Herrell,,,,,,,
,,,,,,,Mike Hill,,,,,,,
,,,,,,,Mike Hipp,,,,,,,
,,,,,,,Mike J Hill,,,,,,,
,,,,,,,Mike Johnson,,,,,,,
,,,,,,,Mike Lingo,,,,,,,
,,,,,,,Mike Parrott,,,,,,,
,,,,,,,Mike Sinopole,,,,,,,
,,,,,,,Mike Snow,,,,,,,
,,,,,,,Mike Tucker,,,,,,,
,,,,,,,Mike Webber,,,,,,,
,,,,,,,Milton Moats,,,,,,,
,,,,,,,Milyn Little,,,,,,,
,,,,,,,Milyn Satterfield Little,,,,,,,
,,,,,,,Mitch Guenther,,,,,,,
,,,,,,,Mitchell Levi,,,,,,,
,,,,,,,Mollie McFarland,,,,,,,
,,,,,,,Mtich Caponetto,,,,,,,
,,,,,,,Nathan Cerice,,,,,,,
,,,,,,,Nathan Kelley,,,,,,,
,,,,,,,Nathan Polk,,,,,,,
,,,,,,,Neeta K.,,,,,,,
,,,,,,,Niamh Tuohy Clarke,,,,,,,
,,,,,,,Nic Herring,,,,,,,
,,,,,,,Nicholas Alexander Schefano,,,,,,,
,,,,,,,Nick Bate,,,,,,,
,,,,,,,Nick Chance,,,,,,,
,,,,,,,Nick Falkner,,,,,,,
,,,,,,,Nick Phillips,,,,,,,
,,,,,,,Nick Scott,,,,,,,
,,,,,,,Nick Williams,,,,,,,
,,,,,,,Nicollette Patch,,,,,,,
,,,,,,,Noah Galanti,,,,,,,
,,,,,,,Noah Wimberly,,,,,,,
,,,,,,,Nora Middleton,,,,,,,
,,,,,,,Nutty Brown,,,,,,,
,,,,,,,O Z Hall,,,,,,,
,,,,,,,O. Z. Hall,,,,,,,
,,,,,,,O. Z. Hall III,,,,,,,
,,,,,,,Oliver Stansell,,,,,,,
,,,,,,,Patrick Summey,,,,,,,
,,,,,,,Patrick Travis,,,,,,,
,,,,,,,Paul Abbott,,,,,,,
,,,,,,,Paul Greene,,,,,,,
,,,,,,,Paul Janeway,,,,,,,
,,,,,,,Payton Williams,,,,,,,
,,,,,,,Penny Vinson,,,,,,,
,,,,,,,Peter Szelenbaum,,,,,,,
,,,,,,,Peter Tubbs,,,,,,,
,,,,,,,Peyton Grant,,,,,,,
,,,,,,,Phil Dudley,,,,,,,
,,,,,,,Phil Nero,,,,,,,
,,,,,,,Phil Proctor,,,,,,,
,,,,,,,Phil Yochum,,,,,,,
,,,,,,,Phillip Deveraux,,,,,,,
,,,,,,,Phillip Hyde,,,,,,,
,,,,,,,Phillip Ori,,,,,,,
,,,,,,,PJ Spraggins,,,,,,,
,,,,,,,Pocus Numbretwo,,,,,,,
,,,,,,,Price Mason,,,,,,,
,,,,,,,Queen L'Crittah,,,,,,,
,,,,,,,Ramon Cardenas,,,,,,,
,,,,,,,Ramy Nourredini,,,,,,,
,,,,,,,Randall Dison,,,,,,,
,,,,,,,Randy Wyatt,,,,,,,
,,,,,,,Ransom Pewitt,,,,,,,
,,,,,,,Reagan Bruce,,,,,,,
,,,,,,,Rebekah Lifer,,,,,,,
,,,,,,,Redd Jones,,,,,,,
,,,,,,,Regi Yarbrough,,,,,,,
,,,,,,,Reid Beasley,,,,,,,
,,,,,,,Rev,,,,,,,
,,,,,,,Rhett Randolph,,,,,,,
,,,,,,,Richard Crawford,,,,,,,
,,,,,,,Richard Daviston,,,,,,,
,,,,,,,Richey Boyd,,,,,,,
,,,,,,,Richie,,,,,,,
,,,,,,,Rick Carter,,,,,,,
,,,,,,,Rick Lovelady,,,,,,,
,,,,,,,Ricky Little,,,,,,,
,,,,,,,Ricky Stone,,,,,,,
,,,,,,,Rikki Skelton,,,,,,,
,,,,,,,Riley Scruggs,,,,,,,
,,,,,,,Rob Avram,,,,,,,
,,,,,,,Rob Gallagher,,,,,,,
,,,,,,,Rob Glen,,,,,,,
,,,,,,,Rob Keating,,,,,,,
,,,,,,,Robby Berry,,,,,,,
,,,,,,,Robert Brantley,,,,,,,
,,,,,,,Robert Huffman,,,,,,,
,,,,,,,Robert O'Neal,,,,,,,
,,,,,,,Robert Russom,,,,,,,
,,,,,,,Roe Collins,,,,,,,
,,,,,,,Roger Jones,,,,,,,
,,,,,,,Rolfe Briney,,,,,,,
,,,,,,,Ronnie Lee Gipson,,,,,,,
,,,,,,,Rose Yarbrough,,,,,,,
,,,,,,,Roy Romano,,,,,,,
,,,,,,,Roy Scholl,,,,,,,
,,,,,,,Rus Spillis,,,,,,,
,,,,,,,Russ Maddox,,,,,,,
,,,,,,,Russell Blackburn,,,,,,,
,,,,,,,Ryan Brown,,,,,,,
,,,,,,,Ryan Flynt,,,,,,,
,,,,,,,Ryan Morrison,,,,,,,
,,,,,,,Ryan Ollard,,,,,,,
,,,,,,,Ryan Wilbanks,,,,,,,
,,,,,,,Ryon Moncrief,,,,,,,
,,,,,,,S*** Biscuit,,,,,,,
,,,,,,,Said Lopez,,,,,,,
,,,,,,,Said L¢pez,,,,,,,
,,,,,,,Sa¡d L¢pez,,,,,,,
,,,,,,,Sally Reilly,,,,,,,
,,,,,,,Sam Big Head Porter,,,,,,,
,,,,,,,Sam Gilmore,,,,,,,
,,,,,,,Sam Gunderson,,,,,,,
,,,,,,,Sam Pointer,,,,,,,
,,,,,,,Sam Reynolds,,,,,,,
,,,,,,,Sam Williams,,,,,,,
,,,,,,,sami serrag,,,,,,,
,,,,,,,Sammy Pierce,,,,,,,
,,,,,,,Sarah Gosdin,,,,,,,
,,,,,,,Sarah Green,,,,,,,
,,,,,,,Sarah Looney,,,,,,,
,,,,,,,Saylor Anderson,,,,,,,
,,,,,,,Scooter Lee,,,,,,,
,,,,,,,"Scott ""Swerve"" Aldridge",,,,,,,
,,,,,,,Scott Aldridge,,,,,,,
,,,,,,,Scott Berg,,,,,,,
,,,,,,,Scott Gardner,,,,,,,
,,,,,,,Scott Housey,,,,,,,
,,,,,,,Scott Hudson,,,,,,,
,,,,,,,Scott Looney,,,,,,,
,,,,,,,Scott Osbourne,,,,,,,
,,,,,,,Scotty Lee,,,,,,,
,,,,,,,Seah Fahey,,,,,,,
,,,,,,,Sean Landman,,,,,,,
,,,,,,,Sean Michael Ray,,,,,,,
,,,,,,,Seebie Camp,,,,,,,
,,,,,,,Selwyn Spaulding,,,,,,,
,,,,,,,September Reed,,,,,,,
,,,,,,,Seth Beckham,,,,,,,
,,,,,,,Seth Herron,,,,,,,
,,,,,,,Seth Richardson,,,,,,,
,,,,,,,Shane Wynn,,,,,,,
,,,,,,,"Shawn ""The Wise Wizard"" Burgess",,,,,,,
,,,,,,,Shawn Burgess,,,,,,,
,,,,,,,Shawna Ross,,,,,,,
,,,,,,,Shea Goodwin,,,,,,,
,,,,,,,Shea Stevenson,,,,,,,
,,,,,,,Shelby Wesley,,,,,,,
,,,,,,,Shelley Butler,,,,,,,
,,,,,,,Shellina Ryals,,,,,,,
,,,,,,,SI Reasoning,,,,,,,
,,,,,,,Simone Durand,,,,,,,
,,,,,,,Skohti Hamilton,,,,,,,
,,,,,,,Spencer Hamme,,,,,,,
,,,,,,,Spencer Shoults,,,,,,,
,,,,,,,Stan Foster,,,,,,,
,,,,,,,Stan Muse,,,,,,,
,,,,,,,Stan Wakefield,,,,,,,
,,,,,,,Stephen Hiott,,,,,,,
,,,,,,,Stephen Jones,,,,,,,
,,,,,,,Stephen McCullough,,,,,,,
,,,,,,,Stephen Wade,,,,,,,
,,,,,,,Stephen Wheeler,,,,,,,
,,,,,,,Steve Black,,,,,,,
,,,,,,,Steve Collins,,,,,,,
,,,,,,,Steve Garrett,,,,,,,
,,,,,,,Steve Krothe,,,,,,,
,,,,,,,Steve Lucas,,,,,,,
,,,,,,,Steve Ramos,,,,,,,
,,,,,,,Steve Rayborn,,,,,,,
,,,,,,,Steven Bate,,,,,,,
,,,,,,,Steven Butler,,,,,,,
,,,,,,,Steven Christopher Perrine,,,,,,,
,,,,,,,Steven Janes,,,,,,,
,,,,,,,Steven Rockett,,,,,,,
,,,,,,,Steven Ryals,,,,,,,
,,,,,,,Steven Sartor,,,,,,,
,,,,,,,Suda Mcsudaerson,,,,,,,
,,,,,,,T  Clabo,,,,,,,
,,,,,,,Taylor Goodwin,,,,,,,
,,,,,,,Taylor Hollingsworth,,,,,,,
,,,,,,,Taylor Hunnicutt,,,,,,,
,,,,,,,Taylor Propp,,,,,,,
,,,,,,,Taylor Youngson,,,,,,,
,,,,,,,Ted Perry,,,,,,,
,,,,,,,Terje Dokland,,,,,,,
,,,,,,,Terry Johnson,,,,,,,
,,,,,,,Terry Webster,,,,,,,
,,,,,,,The Duke,,,,,,,
,,,,,,,The LMK,,,,,,,
,,,,,,,THEREALJOECLARK,,,,,,,
,,,,,,,Thomas Furlough,,,,,,,
,,,,,,,Thomas Trussell,,,,,,,
,,,,,,,Thomas Warren,,,,,,,
,,,,,,,Thomas Woodham,,,,,,,
,,,,,,,Tim,,,,,,,
,,,,,,,Tim Boykin,,,,,,,
,,,,,,,Tim Harris,,,,,,,
,,,,,,,Tim Kelly,,,,,,,
,,,,,,,tim martin,,,,,,,
,,,,,,,Tim McPherson,,,,,,,
,,,,,,,Tim Umstead,,,,,,,
,,,,,,,Tim Ward,,,,,,,
,,,,,,,Timothy Frazier,,,,,,,
,,,,,,,TJ Calloway,,,,,,,
,,,,,,,Toby Kemp,,,,,,,
,,,,,,,Todd Pickard,,,,,,,
,,,,,,,Todd Simpson,,,,,,,
,,,,,,,Todd Willoughby,,,,,,,
,,,,,,,Tom Brown,,,,,,,
,,,,,,,Tom Hontzas,,,,,,,
,,,,,,,Tommy Bowen,,,,,,,
,,,,,,,Tommy Crowder,,,,,,,
,,,,,,,Tommy Palladino,,,,,,,
,,,,,,,Tommy Terrell,,,,,,,
,,,,,,,Tony Cahn,,,,,,,
,,,,,,,Tony Di Chiara,,,,,,,
,,,,,,,Tony DiChiara,,,,,,,
,,,,,,,Tony Middleton,,,,,,,
,,,,,,,Tony Wachter,,,,,,,
,,,,,,,Tonya West,,,,,,,
,,,,,,,Tracy Beck,,,,,,,
,,,,,,,Travis Gunter,,,,,,,
,,,,,,,Travis Posey,,,,,,,
,,,,,,,Travis Swinford,,,,,,,
,,,,,,,Trevor Dane,,,,,,,
,,,,,,,Trevor Page,,,,,,,
,,,,,,,Trey McClure,,,,,,,
,,,,,,,Tristan Bunn,,,,,,,
,,,,,,,Troy Mowry,,,,,,,
,,,,,,,Troy Reid,,,,,,,
,,,,,,,Turtle White,,,,,,,
,,,,,,,Tyler Diuguid,,,,,,,
,,,,,,,Tyler Duiguid,,,,,,,
,,,,,,,Tyler Graham,,,,,,,
,,,,,,,Tyler Mcgee,,,,,,,
,,,,,,,Tyler Mills,,,,,,,
,,,,,,,Tyler Stansell,,,,,,,
,,,,,,,Tym Cornell,,,,,,,
,,,,,,,Vaiden Jones,,,,,,,
,,,,,,,Van Hollingsworth,,,,,,,
,,,,,,,Various,,,,,,,
,,,,,,,Vic Atherton,,,,,,,
,,,,,,,Victor Wilson,,,,,,,
,,,,,,,Virginia Phillips,,,,,,,
,,,,,,,Walker Scott,,,,,,,
,,,,,,,Walon Smith,,,,,,,
,,,,,,,Warren Amos,,,,,,,
,,,,,,,warren martin,,,,,,,
,,,,,,,Weber,,,,,,,
,,,,,,,Wes Brokus,,,,,,,
,,,,,,,Wes Day,,,,,,,
,,,,,,,Wes Frazer,,,,,,,
,,,,,,,Wes Harrelson,,,,,,,
,,,,,,,Wes Persons,,,,,,,
,,,,,,,Wes Simpson,,,,,,,
,,,,,,,Wess Gregg,,,,,,,
,,,,,,,West Byrd,,,,,,,
,,,,,,,Wilder Adkins,,,,,,,
,,,,,,,Will Bradley,,,,,,,
,,,,,,,Will Cash,,,,,,,
,,,,,,,Will Hawley,,,,,,,
,,,,,,,Will Hopkins,,,,,,,
,,,,,,,William  Ambridge,,,,,,,
,,,,,,,William Ellison,,,,,,,
,,,,,,,William Falkner,,,,,,,
,,,,,,,Woody,,,,,,,
,,,,,,,Zac Baldwin,,,,,,,
,,,,,,,Zac Peoples,,,,,,,
,,,,,,,Zach Austin,,,,,,,
,,,,,,,Zach Evans,,,,,,,
,,,,,,,Zach Morro,,,,,,,
,,,,,,,Zarinah Shahid,,,,,,,
